{"cameraMode":{"drawMode":0,"name":"Shaded","section":"Shading Mode"},"sceneLighting":true,"audioPlay":false,"sceneViewState":{"showFog":true,"showMaterialUpdate":false,"showSkybox":true,"showFlares":true,"showImageEffects":true,"showParticleSystems":true},"in2DMode":false,"pivot":{"x":-0.01574230194091797,"y":3.828909397125244,"z":8.180059432983399},"rotation":{"x":-0.053291406482458118,"y":0.6896334886550903,"z":-0.05097430199384689,"w":-0.7204510569572449},"size":7.926692485809326,"orthographic":false}